Date,Treatment,Rep,Timepoint,Plated,Count,Dilution,Titer,Status,Notes
20210518,EvoC,1,0,Bacteria,NA,NA,1.85E+03,Good,
20210518,EvoC,2,0,Bacteria,NA,NA,1.85E+03,Good,
20210518,EvoC,3,0,Bacteria,NA,NA,1.85E+03,REMOVE,
20210518,EvoC,4,0,Bacteria,NA,NA,1.85E+03,Good,
20210518,EvoC,5,0,Bacteria,NA,NA,1.85E+03,Good,
20210518,EvoC,6,0,Bacteria,NA,NA,1.85E+03,Good,
20210518,EvoC,7,0,Bacteria,NA,NA,1.85E+03,Good,
20210518,EvoC,8,0,Bacteria,NA,NA,1.85E+03,Good,
20210518,EvoC,9,0,Bacteria,NA,NA,1.85E+03,Good,
20210518,EvoC,10,0,Bacteria,NA,NA,1.85E+03,REMOVE,
20210518,EvoC,11,0,Bacteria,NA,NA,1.85E+03,Good,
20210518,EvoC,12,0,Bacteria,NA,NA,1.85E+03,Good,
20210518,L+O,1,0,Bacteria,NA,NA,1.85E+03,Good,
20210518,L+O,2,0,Bacteria,NA,NA,1.85E+03,Good,
20210518,L+O,3,0,Bacteria,NA,NA,1.85E+03,Good,
20210518,L+O,4,0,Bacteria,NA,NA,1.85E+03,Good,
20210518,L+O,5,0,Bacteria,NA,NA,1.85E+03,Good,
20210518,L+O,6,0,Bacteria,NA,NA,1.85E+03,Good,
20210518,L+O,7,0,Bacteria,NA,NA,1.85E+03,Good,
20210518,L+O,8,0,Bacteria,NA,NA,1.85E+03,Good,
20210518,L+O,9,0,Bacteria,NA,NA,1.85E+03,REMOVE,
20210518,L+O,10,0,Bacteria,Na,NA,1.85E+03,Good,
20210518,L+O,11,0,Bacteria,NA,NA,1.85E+03,Good,
20210518,L+O,12,0,Bacteria,NA,NA,1.85E+03,Good,
20210518,EvoC,1,0,Phage_606,23,1,1.15E+05,Good,
20210518,EvoC,2,0,Phage_606,16,1,8.00E+04,Good,
20210518,EvoC,3,0,Phage_606,18,1,9.00E+04,REMOVE,
20210518,EvoC,4,0,Phage_606,29,1,1.45E+05,Good,
20210518,EvoC,5,0,Phage_606,25,1,1.25E+05,Good,
20210518,EvoC,6,0,Phage_606,36,1,1.80E+05,Good,
20210518,EvoC,7,0,Phage_606,25,1,1.25E+05,Good,
20210518,EvoC,8,0,Phage_606,18,1,9.00E+04,Good,
20210518,EvoC,9,0,Phage_606,20,1,1.00E+05,Good,
20210518,EvoC,10,0,Phage_606,19,1,9.50E+04,REMOVE,
20210518,EvoC,11,0,Phage_606,20,1,1.00E+05,Good,
20210518,EvoC,12,0,Phage_606,28,1,1.40E+05,Good,
20210518,L+O,1,0,Phage_606,10,2,5.00E+05,Good,
20210518,L+O,2,0,Phage_606,12,2,6.00E+05,Good,
20210518,L+O,3,0,Phage_606,11,2,5.50E+05,Good,
20210518,L+O,4,0,Phage_606,7,2,3.50E+05,Good,
20210518,L+O,5,0,Phage_606,15,2,7.50E+05,Good,
20210518,L+O,6,0,Phage_606,14,2,7.00E+05,Good,
20210518,L+O,7,0,Phage_606,8,2,4.00E+05,Good,
20210518,L+O,8,0,Phage_606,11,2,5.50E+05,Good,
20210518,L+O,9,0,Phage_606,9,2,4.50E+05,REMOVE,
20210518,L+O,10,0,Phage_606,7,2,3.50E+05,Good,
20210518,L+O,11,0,Phage_606,16,2,8.00E+05,Good,
20210518,L+O,12,0,Phage_606,12,2,6.00E+05,Good,
20210518,EvoC,1,0,Phage_Lminus,15,1,7.50E+04,Good,
20210518,EvoC,2,0,Phage_Lminus,14,1,7.00E+04,Good,
20210518,EvoC,3,0,Phage_Lminus,14,1,7.00E+04,REMOVE,
20210518,EvoC,4,0,Phage_Lminus,13,1,6.50E+04,Good,
20210518,EvoC,5,0,Phage_Lminus,11,1,5.50E+04,Good,
20210518,EvoC,6,0,Phage_Lminus,15,1,7.50E+04,Good,
20210518,EvoC,7,0,Phage_Lminus,7,1,3.50E+04,Good,
20210518,EvoC,8,0,Phage_Lminus,11,1,5.50E+04,Good,
20210518,EvoC,9,0,Phage_Lminus,13,1,6.50E+04,Good,
20210518,EvoC,10,0,Phage_Lminus,18,1,9.00E+04,REMOVE,
20210518,EvoC,11,0,Phage_Lminus,16,1,8.00E+04,Good,
20210518,EvoC,12,0,Phage_Lminus,16,1,8.00E+04,Good,
20210518,L+O,1,0,Phage_Lminus,7,2,3.50E+05,Good,
20210518,L+O,2,0,Phage_Lminus,6,2,3.00E+05,Good,
20210518,L+O,3,0,Phage_Lminus,8,2,4.00E+05,Good,
20210518,L+O,4,0,Phage_Lminus,4,2,2.00E+05,Good,
20210518,L+O,5,0,Phage_Lminus,11,2,5.50E+05,Good,
20210518,L+O,6,0,Phage_Lminus,2,2,1.00E+05,Good,
20210518,L+O,7,0,Phage_Lminus,4,2,2.00E+05,Good,
20210518,L+O,8,0,Phage_Lminus,8,2,4.00E+05,Good,
20210518,L+O,9,0,Phage_Lminus,11,2,5.50E+05,REMOVE,
20210518,L+O,10,0,Phage_Lminus,5,2,2.50E+05,Good,
20210518,L+O,11,0,Phage_Lminus,5,2,2.50E+05,Good,
20210518,L+O,12,0,Phage_Lminus,1,2,5.00E+04,Good,
20210518,EvoC,1,0,Phage_Ominus,24,1,1.20E+05,Good,
20210518,EvoC,2,0,Phage_Ominus,23,1,1.15E+05,Good,
20210518,EvoC,3,0,Phage_Ominus,23,1,1.15E+05,REMOVE,
20210518,EvoC,4,0,Phage_Ominus,29,1,1.45E+05,Good,
20210518,EvoC,5,0,Phage_Ominus,27,1,1.35E+05,Good,
20210518,EvoC,6,0,Phage_Ominus,24,1,1.20E+05,Good,
20210518,EvoC,7,0,Phage_Ominus,25,1,1.25E+05,Good,
20210518,EvoC,8,0,Phage_Ominus,20,1,1.00E+05,Good,
20210518,EvoC,9,0,Phage_Ominus,23,1,1.15E+05,Good,
20210518,EvoC,10,0,Phage_Ominus,27,1,1.35E+05,REMOVE,
20210518,EvoC,11,0,Phage_Ominus,22,1,1.10E+05,Good,
20210518,EvoC,12,0,Phage_Ominus,23,1,1.15E+05,Good,
20210518,L+O,1,0,Phage_Ominus,12,2,6.00E+05,Good,
20210518,L+O,2,0,Phage_Ominus,11,2,5.50E+05,Good,
20210518,L+O,3,0,Phage_Ominus,10,2,5.00E+05,Good,
20210518,L+O,4,0,Phage_Ominus,14,2,7.00E+05,Good,
20210518,L+O,5,0,Phage_Ominus,19,2,9.50E+05,Good,
20210518,L+O,6,0,Phage_Ominus,15,2,7.50E+05,Good,
20210518,L+O,7,0,Phage_Ominus,16,2,8.00E+05,Good,
20210518,L+O,8,0,Phage_Ominus,8,2,4.00E+05,Good,
20210518,L+O,9,0,Phage_Ominus,15,2,7.50E+05,REMOVE,
20210518,L+O,10,0,Phage_Ominus,18,2,9.00E+05,Good,
20210518,L+O,11,0,Phage_Ominus,16,2,8.00E+05,Good,
20210518,L+O,12,0,Phage_Ominus,16,2,8.00E+05,Good,
20210519,EvoC,1,1,Bacteria,664,0,6.64E+03,Good,
20210519,EvoC,2,1,Bacteria,9464,0,9.46E+04,Good,
20210519,EvoC,3,1,Bacteria,5488,0,5.49E+04,REMOVE,
20210519,EvoC,4,1,Bacteria,1288,0,1.29E+04,Good,
20210519,EvoC,5,1,Bacteria,10584,0,1.06E+05,Good,
20210519,EvoC,6,1,Bacteria,15000,0,1.50E+05,Good,lawn
20210519,EvoC,7,1,Bacteria,376,0,3.76E+03,Good,
20210519,EvoC,8,1,Bacteria,3920,0,3.92E+04,Good,
20210519,EvoC,9,1,Bacteria,592,0,5.92E+03,Good,
20210519,EvoC,10,1,Bacteria,2356,0,2.36E+04,REMOVE,
20210519,EvoC,11,1,Bacteria,2792,0,2.79E+04,Good,
20210519,EvoC,12,1,Bacteria,9,0,9.00E+01,Good,
20210519,L+O,1,1,Bacteria,376,0,3.76E+03,Good,
20210519,L+O,2,1,Bacteria,5936,0,5.94E+04,Good,
20210519,L+O,3,1,Bacteria,10192,0,1.02E+05,Good,
20210519,L+O,4,1,Bacteria,4592,0,4.59E+04,Good,
20210519,L+O,5,1,Bacteria,3024,0,3.02E+04,Good,
20210519,L+O,6,1,Bacteria,744,0,7.44E+03,Good,
20210519,L+O,7,1,Bacteria,7168,0,7.17E+04,Good,
20210519,L+O,8,1,Bacteria,4032,0,4.03E+04,Good,
20210519,L+O,9,1,Bacteria,9296,0,9.30E+04,REMOVE,
20210519,L+O,10,1,Bacteria,6216,0,6.22E+04,Good,
20210519,L+O,11,1,Bacteria,3696,0,3.70E+04,Good,
20210519,L+O,12,1,Bacteria,5208,0,5.21E+04,Good,
20210519,EvoC,1,1,Phage_606,22,2,1.10E+06,Good,
20210519,EvoC,2,1,Phage_606,17,2,8.50E+05,Good,
20210519,EvoC,3,1,Phage_606,1,0,5.00E+02,REMOVE,
20210519,EvoC,4,1,Phage_606,26,2,1.30E+06,Good,
20210519,EvoC,5,1,Phage_606,10,2,5.00E+05,Good,
20210519,EvoC,6,1,Phage_606,5,3,2.50E+06,Good,
20210519,EvoC,7,1,Phage_606,34,2,1.70E+06,Good,
20210519,EvoC,8,1,Phage_606,33,1,1.65E+05,Good,
20210519,EvoC,9,1,Phage_606,35,1,1.75E+05,Good,
20210519,EvoC,10,1,Phage_606,0,0,0.00E+00,REMOVE,
20210519,EvoC,11,1,Phage_606,26,2,1.30E+06,Good,
20210519,EvoC,12,1,Phage_606,0,0,0.00E+00,Good,
20210519,L+O,1,1,Phage_606,58,3,2.90E+07,Good,
20210519,L+O,2,1,Phage_606,11,2,5.50E+05,Good,
20210519,L+O,3,1,Phage_606,46,2,2.30E+06,Good,
20210519,L+O,4,1,Phage_606,59,2,2.95E+06,Good,
20210519,L+O,5,1,Phage_606,43,2,2.15E+06,Good,
20210519,L+O,6,1,Phage_606,29,2,1.45E+06,Good,
20210519,L+O,7,1,Phage_606,34,4,1.70E+08,Good,
20210519,L+O,8,1,Phage_606,16,3,8.00E+06,Good,
20210519,L+O,9,1,Phage_606,0,0,0.00E+00,REMOVE,
20210519,L+O,10,1,Phage_606,23,3,1.15E+07,Good,
20210519,L+O,11,1,Phage_606,17,5,8.50E+08,Good,
20210519,L+O,12,1,Phage_606,9,5,4.50E+08,Good,
20210519,EvoC,1,1,Phage_Lminus,13,2,6.50E+05,Good,
20210519,EvoC,2,1,Phage_Lminus,5,2,2.50E+05,Good,
20210519,EvoC,3,1,Phage_Lminus,0,0,0.00E+00,REMOVE,
20210519,EvoC,4,1,Phage_Lminus,11,2,5.50E+05,Good,
20210519,EvoC,5,1,Phage_Lminus,25,2,1.25E+06,Good,
20210519,EvoC,6,1,Phage_Lminus,29,2,1.45E+06,Good,
20210519,EvoC,7,1,Phage_Lminus,17,2,8.50E+05,Good,
20210519,EvoC,8,1,Phage_Lminus,27,1,1.35E+05,Good,
20210519,EvoC,9,1,Phage_Lminus,26,1,1.30E+05,Good,
20210519,EvoC,10,1,Phage_Lminus,0,0,0.00E+00,REMOVE,
20210519,EvoC,11,1,Phage_Lminus,22,2,1.10E+06,Good,
20210519,EvoC,12,1,Phage_Lminus,0,0,0.00E+00,Good,
20210519,L+O,1,1,Phage_Lminus,19,3,9.50E+06,Good,
20210519,L+O,2,1,Phage_Lminus,10,2,5.00E+05,Good,
20210519,L+O,3,1,Phage_Lminus,39,2,1.95E+06,Good,
20210519,L+O,4,1,Phage_Lminus,42,2,2.10E+06,Good,
20210519,L+O,5,1,Phage_Lminus,26,2,1.30E+06,Good,
20210519,L+O,6,1,Phage_Lminus,35,2,1.75E+06,Good,
20210519,L+O,7,1,Phage_Lminus,12,4,6.00E+07,Good,
20210519,L+O,8,1,Phage_Lminus,15,3,7.50E+06,Good,
20210519,L+O,9,1,Phage_Lminus,0,0,0.00E+00,REMOVE,
20210519,L+O,10,1,Phage_Lminus,11,3,5.50E+06,Good,
20210519,L+O,11,1,Phage_Lminus,3,3,1.50E+06,Good,
20210519,L+O,12,1,Phage_Lminus,6,3,3.00E+06,Good,
20210519,EvoC,1,1,Phage_Ominus,11,2,5.50E+05,Good,
20210519,EvoC,2,1,Phage_Ominus,18,2,9.00E+05,Good,
20210519,EvoC,3,1,Phage_Ominus,0,0,0.00E+00,REMOVE,
20210519,EvoC,4,1,Phage_Ominus,22,2,1.10E+06,Good,
20210519,EvoC,5,1,Phage_Ominus,42,2,2.10E+06,Good,
20210519,EvoC,6,1,Phage_Ominus,6,3,3.00E+06,Good,
20210519,EvoC,7,1,Phage_Ominus,27,2,1.35E+06,Good,
20210519,EvoC,8,1,Phage_Ominus,18,1,9.00E+04,Good,
20210519,EvoC,9,1,Phage_Ominus,18,1,9.00E+04,Good,
20210519,EvoC,10,1,Phage_Ominus,0,0,0.00E+00,REMOVE,
20210519,EvoC,11,1,Phage_Ominus,27,2,1.35E+06,Good,
20210519,EvoC,12,1,Phage_Ominus,0,0,0.00E+00,Good,
20210519,L+O,1,1,Phage_Ominus,34,3,1.70E+07,Good,
20210519,L+O,2,1,Phage_Ominus,23,1,1.15E+05,Good,
20210519,L+O,3,1,Phage_Ominus,10,2,5.00E+05,Good,
20210519,L+O,4,1,Phage_Ominus,18,2,9.00E+05,Good,
20210519,L+O,5,1,Phage_Ominus,19,1,9.50E+04,Good,
20210519,L+O,6,1,Phage_Ominus,18,1,9.00E+04,Good,
20210519,L+O,7,1,Phage_Ominus,22,4,1.10E+08,Good,
20210519,L+O,8,1,Phage_Ominus,12,3,6.00E+06,Good,
20210519,L+O,9,1,Phage_Ominus,0,0,0.00E+00,REMOVE,
20210519,L+O,10,1,Phage_Ominus,10,3,5.00E+06,Good,
20210519,L+O,11,1,Phage_Ominus,37,5,1.85E+09,Good,
20210519,L+O,12,1,Phage_Ominus,30,5,1.50E+09,Good,
20210520,EvoC,1,2,Bacteria,13,2,1.30E+04,Good,
20210520,EvoC,2,2,Bacteria,91,6,9.10E+08,Good,
20210520,EvoC,3,2,Bacteria,175,5,1.75E+08,REMOVE,
20210520,EvoC,4,2,Bacteria,11,2,1.10E+04,Good,
20210520,EvoC,5,2,Bacteria,92,6,9.20E+08,Good,
20210520,EvoC,6,2,Bacteria,1828,2,1.83E+06,Good,
20210520,EvoC,7,2,Bacteria,512,0,5.12E+03,Good,
20210520,EvoC,8,2,Bacteria,3,2,3.00E+03,Good,
20210520,EvoC,9,2,Bacteria,2,2,2.00E+03,Good,
20210520,EvoC,10,2,Bacteria,208,5,2.08E+08,REMOVE,
20210520,EvoC,11,2,Bacteria,52,6,5.20E+08,Good,
20210520,EvoC,12,2,Bacteria,0,0,0.00E+00,Good,
20210520,L+O,1,2,Bacteria,151,2,1.51E+05,Good,
20210520,L+O,2,2,Bacteria,1028,2,1.03E+06,Good,
20210520,L+O,3,2,Bacteria,215,4,2.15E+07,Good,
20210520,L+O,4,2,Bacteria,99,0,9.90E+02,Good,
20210520,L+O,5,2,Bacteria,580,0,5.80E+03,Good,
20210520,L+O,6,2,Bacteria,1,0,1.00E+01,Good,
20210520,L+O,7,2,Bacteria,31,2,3.10E+04,Good,
20210520,L+O,8,2,Bacteria,1516,2,1.52E+06,Good,
20210520,L+O,9,2,Bacteria,73,6,7.30E+08,REMOVE,
20210520,L+O,10,2,Bacteria,74,3,7.40E+05,Good,
20210520,L+O,11,2,Bacteria,228,0,2.28E+03,Good,
20210520,L+O,12,2,Bacteria,33,2,3.30E+04,Good,
20210520,EvoC,1,2,Phage_606,9,3,4.50E+06,Good,
20210520,EvoC,2,2,Phage_606,17,2,8.50E+05,Good,
20210520,EvoC,3,2,Phage_606,0,0,0.00E+00,REMOVE,
20210520,EvoC,4,2,Phage_606,18,4,9.00E+07,Good,
20210520,EvoC,5,2,Phage_606,9,4,4.50E+07,Good,
20210520,EvoC,6,2,Phage_606,5,4,2.50E+07,Good,
20210520,EvoC,7,2,Phage_606,27,4,1.35E+08,Good,
20210520,EvoC,8,2,Phage_606,15,4,7.50E+07,Good,
20210520,EvoC,9,2,Phage_606,11,4,5.50E+07,Good,
20210520,EvoC,10,2,Phage_606,0,0,0.00E+00,REMOVE,
20210520,EvoC,11,2,Phage_606,8,5,4.00E+08,Good,
20210520,EvoC,12,2,Phage_606,0,0,0.00E+00,Good,
20210520,L+O,1,2,Phage_606,10,5,5.00E+08,Good,
20210520,L+O,2,2,Phage_606,7,4,3.50E+07,Good,
20210520,L+O,3,2,Phage_606,11,5,5.50E+08,Good,
20210520,L+O,4,2,Phage_606,9,3,4.50E+06,Good,
20210520,L+O,5,2,Phage_606,16,5,8.00E+08,Good,
20210520,L+O,6,2,Phage_606,29,3,1.45E+07,Good,
20210520,L+O,7,2,Phage_606,6,5,3.00E+08,Good,
20210520,L+O,8,2,Phage_606,37,3,1.85E+07,Good,
20210520,L+O,9,2,Phage_606,0,0,0.00E+00,REMOVE,
20210520,L+O,10,2,Phage_606,5,6,2.50E+09,Good,
20210520,L+O,11,2,Phage_606,36,3,1.80E+07,Good,
20210520,L+O,12,2,Phage_606,38,3,1.90E+07,Good,
20210520,EvoC,1,2,Phage_Lminus,10,3,5.00E+06,Good,
20210520,EvoC,2,2,Phage_Lminus,22,2,1.10E+06,Good,
20210520,EvoC,3,2,Phage_Lminus,0,0,0.00E+00,REMOVE,
20210520,EvoC,4,2,Phage_Lminus,15,4,7.50E+07,Good,
20210520,EvoC,5,2,Phage_Lminus,6,4,3.00E+07,Good,
20210520,EvoC,6,2,Phage_Lminus,25,3,1.25E+07,Good,
20210520,EvoC,7,2,Phage_Lminus,17,4,8.50E+07,Good,
20210520,EvoC,8,2,Phage_Lminus,3,4,1.50E+07,Good,
20210520,EvoC,9,2,Phage_Lminus,13,4,6.50E+07,Good,
20210520,EvoC,10,2,Phage_Lminus,0,0,0.00E+00,REMOVE,
20210520,EvoC,11,2,Phage_Lminus,6,5,3.00E+08,Good,
20210520,EvoC,12,2,Phage_Lminus,0,0,0.00E+00,Good,
20210520,L+O,1,2,Phage_Lminus,24,4,1.20E+08,Good,
20210520,L+O,2,2,Phage_Lminus,5,4,2.50E+07,Good,
20210520,L+O,3,2,Phage_Lminus,2,5,1.00E+08,Good,
20210520,L+O,4,2,Phage_Lminus,13,3,6.50E+06,Good,
20210520,L+O,5,2,Phage_Lminus,18,3,9.00E+06,Good,
20210520,L+O,6,2,Phage_Lminus,6,4,3.00E+07,Good,
20210520,L+O,7,2,Phage_Lminus,14,4,7.00E+07,Good,
20210520,L+O,8,2,Phage_Lminus,6,4,3.00E+07,Good,
20210520,L+O,9,2,Phage_Lminus,0,0,0.00E+00,REMOVE,
20210520,L+O,10,2,Phage_Lminus,25,4,1.25E+08,Good,
20210520,L+O,11,2,Phage_Lminus,35,3,1.75E+07,Good,
20210520,L+O,12,2,Phage_Lminus,22,3,1.10E+07,Good,
20210520,EvoC,1,2,Phage_Ominus,49,2,2.45E+06,Good,
20210520,EvoC,2,2,Phage_Ominus,14,2,7.00E+05,Good,
20210520,EvoC,3,2,Phage_Ominus,0,0,0.00E+00,REMOVE,
20210520,EvoC,4,2,Phage_Ominus,13,4,6.50E+07,Good,
20210520,EvoC,5,2,Phage_Ominus,3,4,1.50E+07,Good,
20210520,EvoC,6,2,Phage_Ominus,8,4,4.00E+07,Good,
20210520,EvoC,7,2,Phage_Ominus,22,4,1.10E+08,Good,
20210520,EvoC,8,2,Phage_Ominus,4,4,2.00E+07,Good,
20210520,EvoC,9,2,Phage_Ominus,14,4,7.00E+07,Good,
20210520,EvoC,10,2,Phage_Ominus,0,0,0.00E+00,REMOVE,
20210520,EvoC,11,2,Phage_Ominus,10,5,5.00E+08,Good,
20210520,EvoC,12,2,Phage_Ominus,0,0,0.00E+00,Good,
20210520,L+O,1,2,Phage_Ominus,9,5,4.50E+08,Good,
20210520,L+O,2,2,Phage_Ominus,19,4,9.50E+07,Good,
20210520,L+O,3,2,Phage_Ominus,13,4,6.50E+07,Good,
20210520,L+O,4,2,Phage_Ominus,6,1,3.00E+04,Good,
20210520,L+O,5,2,Phage_Ominus,34,5,1.70E+09,Good,
20210520,L+O,6,2,Phage_Ominus,2,0,1.00E+03,Good,
20210520,L+O,7,2,Phage_Ominus,15,4,7.50E+07,Good,
20210520,L+O,8,2,Phage_Ominus,46,2,2.30E+06,Good,
20210520,L+O,9,2,Phage_Ominus,0,0,0.00E+00,REMOVE,
20210520,L+O,10,2,Phage_Ominus,16,6,8.00E+09,Good,
20210520,L+O,11,2,Phage_Ominus,6,2,3.00E+05,Good,
20210520,L+O,12,2,Phage_Ominus,31,2,1.55E+06,Good,
20210521,EvoC,1,3,Bacteria,332,4,3.32E+07,Good,
20210521,EvoC,2,3,Bacteria,175,6,1.75E+09,Good,
20210521,EvoC,3,3,Bacteria,148,6,1.48E+09,REMOVE,
20210521,EvoC,4,3,Bacteria,6,4,6.00E+05,Good,
20210521,EvoC,5,3,Bacteria,127,6,1.27E+09,Good,
20210521,EvoC,6,3,Bacteria,8,6,8.00E+07,Good,
20210521,EvoC,7,3,Bacteria,129,5,1.29E+08,Good,
20210521,EvoC,8,3,Bacteria,800,2,8.00E+05,Good,
20210521,EvoC,9,3,Bacteria,9,0,9.00E+01,Good,
20210521,EvoC,10,3,Bacteria,157,6,1.57E+09,REMOVE,
20210521,EvoC,11,3,Bacteria,47,6,4.70E+08,Good,
20210521,EvoC,12,3,Bacteria,0,0,0.00E+00,Good,
20210521,L+O,1,3,Bacteria,144,2,1.44E+05,Good,
20210521,L+O,2,3,Bacteria,1276,2,1.28E+06,Good,
20210521,L+O,3,3,Bacteria,71,2,7.10E+04,Good,
20210521,L+O,4,3,Bacteria,14,2,1.40E+04,Good,
20210521,L+O,5,3,Bacteria,5656,2,5.66E+06,Good,
20210521,L+O,6,3,Bacteria,12,2,1.20E+04,Good,
20210521,L+O,7,3,Bacteria,82,2,8.20E+04,Good,
20210521,L+O,8,3,Bacteria,1092,2,1.09E+06,Good,
20210521,L+O,9,3,Bacteria,139,6,1.39E+09,REMOVE,
20210521,L+O,10,3,Bacteria,14,2,1.40E+04,Good,
20210521,L+O,11,3,Bacteria,107,5,1.07E+08,Good,
20210521,L+O,12,3,Bacteria,222,2,2.22E+05,Good,
20210521,EvoC,1,3,Phage_606,24,4,1.20E+08,Good,
20210521,EvoC,2,3,Phage_606,7,3,3.50E+06,Good,
20210521,EvoC,3,3,Phage_606,0,0,0.00E+00,REMOVE,
20210521,EvoC,4,3,Phage_606,37,5,1.85E+09,Good,
20210521,EvoC,5,3,Phage_606,5,5,2.50E+08,Good,
20210521,EvoC,6,3,Phage_606,12,5,6.00E+08,Good,
20210521,EvoC,7,3,Phage_606,28,5,1.40E+09,Good,
20210521,EvoC,8,3,Phage_606,10,3,5.00E+06,Good,
20210521,EvoC,9,3,Phage_606,20,5,1.00E+09,Good,
20210521,EvoC,10,3,Phage_606,0,0,0.00E+00,REMOVE,
20210521,EvoC,11,3,Phage_606,17,4,8.50E+07,Good,
20210521,EvoC,12,3,Phage_606,0,0,0.00E+00,Good,
20210521,L+O,1,3,Phage_606,10,4,5.00E+07,Good,
20210521,L+O,2,3,Phage_606,16,3,8.00E+06,Good,
20210521,L+O,3,3,Phage_606,7,4,3.50E+07,Good,
20210521,L+O,4,3,Phage_606,7,3,3.50E+06,Good,
20210521,L+O,5,3,Phage_606,33,4,1.65E+08,Good,
20210521,L+O,6,3,Phage_606,3,0,1.50E+03,Good,
20210521,L+O,7,3,Phage_606,10,4,5.00E+07,Good,
20210521,L+O,8,3,Phage_606,9,1,4.50E+04,Good,
20210521,L+O,9,3,Phage_606,0,0,0.00E+00,REMOVE,
20210521,L+O,10,3,Phage_606,38,6,1.90E+10,Good,
20210521,L+O,11,3,Phage_606,37,4,1.85E+08,Good,
20210521,L+O,12,3,Phage_606,21,2,1.05E+06,Good,
20210521,EvoC,1,3,Phage_Lminus,27,4,1.35E+08,Good,
20210521,EvoC,2,3,Phage_Lminus,5,3,2.50E+06,Good,
20210521,EvoC,3,3,Phage_Lminus,0,0,0.00E+00,REMOVE,
20210521,EvoC,4,3,Phage_Lminus,21,5,1.05E+09,Good,
20210521,EvoC,5,3,Phage_Lminus,6,5,3.00E+08,Good,
20210521,EvoC,6,3,Phage_Lminus,16,5,8.00E+08,Good,
20210521,EvoC,7,3,Phage_Lminus,17,4,8.50E+07,Good,
20210521,EvoC,8,3,Phage_Lminus,7,3,3.50E+06,Good,
20210521,EvoC,9,3,Phage_Lminus,14,5,7.00E+08,Good,
20210521,EvoC,10,3,Phage_Lminus,0,0,0.00E+00,REMOVE,
20210521,EvoC,11,3,Phage_Lminus,6,4,3.00E+07,Good,
20210521,EvoC,12,3,Phage_Lminus,0,0,0.00E+00,Good,
20210521,L+O,1,3,Phage_Lminus,7,4,3.50E+07,Good,
20210521,L+O,2,3,Phage_Lminus,10,3,5.00E+06,Good,
20210521,L+O,3,3,Phage_Lminus,3,4,1.50E+07,Good,
20210521,L+O,4,3,Phage_Lminus,15,3,7.50E+06,Good,
20210521,L+O,5,3,Phage_Lminus,26,3,1.30E+07,Good,
20210521,L+O,6,3,Phage_Lminus,0,0,0.00E+00,Good,
20210521,L+O,7,3,Phage_Lminus,11,4,5.50E+07,Good,
20210521,L+O,8,3,Phage_Lminus,4,2,2.00E+05,Good,
20210521,L+O,9,3,Phage_Lminus,0,0,0.00E+00,REMOVE,
20210521,L+O,10,3,Phage_Lminus,23,6,1.15E+10,Good,
20210521,L+O,11,3,Phage_Lminus,14,3,7.00E+06,Good,
20210521,L+O,12,3,Phage_Lminus,26,2,1.30E+06,Good,
20210521,EvoC,1,3,Phage_Ominus,22,4,1.10E+08,Good,
20210521,EvoC,2,3,Phage_Ominus,5,3,2.50E+06,Good,
20210521,EvoC,3,3,Phage_Ominus,0,0,0.00E+00,REMOVE,
20210521,EvoC,4,3,Phage_Ominus,8,6,4.00E+09,Good,
20210521,EvoC,5,3,Phage_Ominus,5,5,2.50E+08,Good,
20210521,EvoC,6,3,Phage_Ominus,13,5,6.50E+08,Good,
20210521,EvoC,7,3,Phage_Ominus,3,6,1.50E+09,Good,
20210521,EvoC,8,3,Phage_Ominus,27,2,1.35E+06,Good,
20210521,EvoC,9,3,Phage_Ominus,5,5,2.50E+08,Good,
20210521,EvoC,10,3,Phage_Ominus,0,0,0.00E+00,REMOVE,
20210521,EvoC,11,3,Phage_Ominus,7,4,3.50E+07,Good,
20210521,EvoC,12,3,Phage_Ominus,0,0,0.00E+00,Good,
20210521,L+O,1,3,Phage_Ominus,10,4,5.00E+07,Good,
20210521,L+O,2,3,Phage_Ominus,6,3,3.00E+06,Good,
20210521,L+O,3,3,Phage_Ominus,7,4,3.50E+07,Good,
20210521,L+O,4,3,Phage_Ominus,2,0,1.00E+03,Good,
20210521,L+O,5,3,Phage_Ominus,6,5,3.00E+08,Good,
20210521,L+O,6,3,Phage_Ominus,0,0,0.00E+00,Good,
20210521,L+O,7,3,Phage_Ominus,5,3,2.50E+06,Good,
20210521,L+O,8,3,Phage_Ominus,6,2,3.00E+05,Good,
20210521,L+O,9,3,Phage_Ominus,0,0,0.00E+00,REMOVE,
20210521,L+O,10,3,Phage_Ominus,11,6,5.50E+09,Good,
20210521,L+O,11,3,Phage_Ominus,3,5,1.50E+08,Good,
20210521,L+O,12,3,Phage_Ominus,2,0,1.00E+03,Good,
20210522,EvoC,1,4,Bacteria,1000,2,1.00E+06,Good,
20210522,EvoC,2,4,Bacteria,222,4,2.22E+07,Good,
20210522,EvoC,3,4,Bacteria,123,6,1.23E+09,REMOVE,
20210522,EvoC,4,4,Bacteria,2968,2,2.97E+06,Good,
20210522,EvoC,5,4,Bacteria,246,5,2.46E+08,Good,
20210522,EvoC,6,4,Bacteria,25,5,2.50E+07,Good,
20210522,EvoC,7,4,Bacteria,152,2,1.52E+05,Good,
20210522,EvoC,8,4,Bacteria,135,5,1.35E+08,Good,
20210522,EvoC,9,4,Bacteria,160,5,1.60E+08,Good,
20210522,EvoC,10,4,Bacteria,93,6,9.30E+08,REMOVE,
20210522,EvoC,11,4,Bacteria,100,6,1.00E+09,Good,
20210522,EvoC,12,4,Bacteria,0,0,0.00E+00,Good,
20210522,L+O,1,4,Bacteria,1960,3,1.96E+07,Good,
20210522,L+O,2,4,Bacteria,73,4,7.30E+06,Good,
20210522,L+O,3,4,Bacteria,164,2,1.64E+05,Good,
20210522,L+O,4,4,Bacteria,2128,2,2.13E+06,Good,
20210522,L+O,5,4,Bacteria,124,6,1.24E+09,Good,
20210522,L+O,6,4,Bacteria,2,5,2.00E+06,Good,
20210522,L+O,7,4,Bacteria,2632,2,2.63E+06,Good,
20210522,L+O,8,4,Bacteria,317,4,3.17E+07,Good,
20210522,L+O,9,4,Bacteria,170,6,1.70E+09,REMOVE,
20210522,L+O,10,4,Bacteria,35,6,3.50E+08,Good,
20210522,L+O,11,4,Bacteria,5824,3,5.82E+07,Good,
20210522,L+O,12,4,Bacteria,476,2,4.76E+05,Good,
20210522,EvoC,1,4,Phage_606,19,2,9.50E+05,Good,
20210522,EvoC,2,4,Phage_606,8,5,4.00E+08,Good,
20210522,EvoC,3,4,Phage_606,0,0,0.00E+00,REMOVE,
20210522,EvoC,4,4,Phage_606,42,3,2.10E+07,Good,
20210522,EvoC,5,4,Phage_606,15,5,7.50E+08,Good,
20210522,EvoC,6,4,Phage_606,4,5,2.00E+08,Good,
20210522,EvoC,7,4,Phage_606,9,4,4.50E+07,Good,
20210522,EvoC,8,4,Phage_606,6,2,3.00E+05,Good,
20210522,EvoC,9,4,Phage_606,18,3,9.00E+06,Good,
20210522,EvoC,10,4,Phage_606,0,0,0.00E+00,REMOVE,
20210522,EvoC,11,4,Phage_606,36,3,1.80E+07,Good,
20210522,EvoC,12,4,Phage_606,0,0,0.00E+00,Good,
20210522,L+O,1,4,Phage_606,13,5,6.50E+08,Good,
20210522,L+O,2,4,Phage_606,40,5,2.00E+09,Good,
20210522,L+O,3,4,Phage_606,20,3,1.00E+07,Good,
20210522,L+O,4,4,Phage_606,14,3,7.00E+06,Good,
20210522,L+O,5,4,Phage_606,15,5,7.50E+08,Good,
20210522,L+O,6,4,Phage_606,22,3,1.10E+07,Good,
20210522,L+O,7,4,Phage_606,36,3,1.80E+07,Good,
20210522,L+O,8,4,Phage_606,15,5,7.50E+08,Good,
20210522,L+O,9,4,Phage_606,0,0,0.00E+00,REMOVE,
20210522,L+O,10,4,Phage_606,10,6,5.00E+09,Good,
20210522,L+O,11,4,Phage_606,26,4,1.30E+08,Good,
20210522,L+O,12,4,Phage_606,27,3,1.35E+07,Good,
20210522,EvoC,1,4,Phage_Lminus,25,2,1.25E+06,Good,
20210522,EvoC,2,4,Phage_Lminus,23,4,1.15E+08,Good,
20210522,EvoC,3,4,Phage_Lminus,0,0,0.00E+00,REMOVE,
20210522,EvoC,4,4,Phage_Lminus,17,4,8.50E+07,Good,
20210522,EvoC,5,4,Phage_Lminus,21,5,1.05E+09,Good,
20210522,EvoC,6,4,Phage_Lminus,9,5,4.50E+08,Good,
20210522,EvoC,7,4,Phage_Lminus,25,3,1.25E+07,Good,
20210522,EvoC,8,4,Phage_Lminus,18,2,9.00E+05,Good,
20210522,EvoC,9,4,Phage_Lminus,9,3,4.50E+06,Good,
20210522,EvoC,10,4,Phage_Lminus,0,0,0.00E+00,REMOVE,
20210522,EvoC,11,4,Phage_Lminus,31,3,1.55E+07,Good,
20210522,EvoC,12,4,Phage_Lminus,0,0,0.00E+00,Good,
20210522,L+O,1,4,Phage_Lminus,28,4,1.40E+08,Good,
20210522,L+O,2,4,Phage_Lminus,38,4,1.90E+08,Good,
20210522,L+O,3,4,Phage_Lminus,17,2,8.50E+05,Good,
20210522,L+O,4,4,Phage_Lminus,20,3,1.00E+07,Good,
20210522,L+O,5,4,Phage_Lminus,19,4,9.50E+07,Good,
20210522,L+O,6,4,Phage_Lminus,30,3,1.50E+07,Good,
20210522,L+O,7,4,Phage_Lminus,27,3,1.35E+07,Good,
20210522,L+O,8,4,Phage_Lminus,15,4,7.50E+07,Good,
20210522,L+O,9,4,Phage_Lminus,0,0,0.00E+00,REMOVE,
20210522,L+O,10,4,Phage_Lminus,8,6,4.00E+09,Good,
20210522,L+O,11,4,Phage_Lminus,6,3,3.00E+06,Good,
20210522,L+O,12,4,Phage_Lminus,25,3,1.25E+07,Good,
20210522,EvoC,1,4,Phage_Ominus,9,1,4.50E+04,Good,
20210522,EvoC,2,4,Phage_Ominus,34,4,1.70E+08,Good,
20210522,EvoC,3,4,Phage_Ominus,0,0,0.00E+00,REMOVE,
20210522,EvoC,4,4,Phage_Ominus,15,4,7.50E+07,Good,
20210522,EvoC,5,4,Phage_Ominus,22,5,1.10E+09,Good,
20210522,EvoC,6,4,Phage_Ominus,8,5,4.00E+08,Good,
20210522,EvoC,7,4,Phage_Ominus,12,4,6.00E+07,Good,
20210522,EvoC,8,4,Phage_Ominus,14,2,7.00E+05,Good,
20210522,EvoC,9,4,Phage_Ominus,7,3,3.50E+06,Good,
20210522,EvoC,10,4,Phage_Ominus,0,0,0.00E+00,REMOVE,
20210522,EvoC,11,4,Phage_Ominus,8,4,4.00E+07,Good,
20210522,EvoC,12,4,Phage_Ominus,0,0,0.00E+00,Good,
20210522,L+O,1,4,Phage_Ominus,23,5,1.15E+09,Good,
20210522,L+O,2,4,Phage_Ominus,6,6,3.00E+09,Good,
20210522,L+O,3,4,Phage_Ominus,5,4,2.50E+07,Good,
20210522,L+O,4,4,Phage_Ominus,0,0,0.00E+00,Good,
20210522,L+O,5,4,Phage_Ominus,31,5,1.55E+09,Good,
20210522,L+O,6,4,Phage_Ominus,0,0,0.00E+00,Good,
20210522,L+O,7,4,Phage_Ominus,21,2,1.05E+06,Good,
20210522,L+O,8,4,Phage_Ominus,7,6,3.50E+09,Good,
20210522,L+O,9,4,Phage_Ominus,0,0,0.00E+00,REMOVE,
20210522,L+O,10,4,Phage_Ominus,8,6,4.00E+09,Good,
20210522,L+O,11,4,Phage_Ominus,6,5,3.00E+08,Good,
20210522,L+O,12,4,Phage_Ominus,0,0,0.00E+00,Good,
20210523,EvoC,1,5,Bacteria,1244,3,1.24E+07,Good,
20210523,EvoC,2,5,Bacteria,2688,2,2.69E+06,Good,
20210523,EvoC,3,5,Bacteria,130,6,1.30E+09,REMOVE,
20210523,EvoC,4,5,Bacteria,148,2,1.48E+05,Good,
20210523,EvoC,5,5,Bacteria,20,6,2.00E+08,Good,
20210523,EvoC,6,5,Bacteria,11,3,1.10E+05,Good,
20210523,EvoC,7,5,Bacteria,37,6,3.70E+08,Good,
20210523,EvoC,8,5,Bacteria,181,6,1.81E+09,Good,
20210523,EvoC,9,5,Bacteria,114,6,1.14E+09,Good,
20210523,EvoC,10,5,Bacteria,97,6,9.70E+08,REMOVE,
20210523,EvoC,11,5,Bacteria,118,6,1.18E+09,Good,
20210523,EvoC,12,5,Bacteria,0,0,0.00E+00,Good,
20210523,L+O,1,5,Bacteria,2912,4,2.91E+08,Good,
20210523,L+O,2,5,Bacteria,1088,2,1.09E+06,Good,
20210523,L+O,3,5,Bacteria,836,2,8.36E+05,Good,
20210523,L+O,4,5,Bacteria,132,6,1.32E+09,Good,
20210523,L+O,5,5,Bacteria,84,6,8.40E+08,Good,
20210523,L+O,6,5,Bacteria,11,0,1.10E+02,Good,
20210523,L+O,7,5,Bacteria,33,2,3.30E+04,Good,
20210523,L+O,8,5,Bacteria,4648,3,4.65E+07,Good,
20210523,L+O,9,5,Bacteria,99,6,9.90E+08,REMOVE,
20210523,L+O,10,5,Bacteria,796,4,7.96E+07,Good,
20210523,L+O,11,5,Bacteria,120,5,1.20E+08,Good,
20210523,L+O,12,5,Bacteria,246,4,2.46E+07,Good,
20210523,EvoC,1,5,Phage_606,14,5,7.00E+08,Good,
20210523,EvoC,2,5,Phage_606,11,3,5.50E+06,Good,
20210523,EvoC,3,5,Phage_606,0,0,0.00E+00,REMOVE,
20210523,EvoC,4,5,Phage_606,5,0,2.50E+03,Good,
20210523,EvoC,5,5,Phage_606,24,5,1.20E+09,Good,
20210523,EvoC,6,5,Phage_606,41,5,2.05E+09,Good,
20210523,EvoC,7,5,Phage_606,17,4,8.50E+07,Good,
20210523,EvoC,8,5,Phage_606,8,4,4.00E+07,Good,
20210523,EvoC,9,5,Phage_606,22,3,1.10E+07,Good,
20210523,EvoC,10,5,Phage_606,0,0,0.00E+00,REMOVE,
20210523,EvoC,11,5,Phage_606,5,2,2.50E+05,Good,
20210523,EvoC,12,5,Phage_606,0,0,0.00E+00,Good,
20210523,L+O,1,5,Phage_606,22,5,1.10E+09,Good,
20210523,L+O,2,5,Phage_606,23,3,1.15E+07,Good,
20210523,L+O,3,5,Phage_606,9,6,4.50E+09,Good,
20210523,L+O,4,5,Phage_606,7,5,3.50E+08,Good,
20210523,L+O,5,5,Phage_606,4,5,2.00E+08,Good,
20210523,L+O,6,5,Phage_606,23,2,1.15E+06,Good,
20210523,L+O,7,5,Phage_606,20,4,1.00E+08,Good,
20210523,L+O,8,5,Phage_606,18,4,9.00E+07,Good,
20210523,L+O,9,5,Phage_606,0,0,0.00E+00,REMOVE,
20210523,L+O,10,5,Phage_606,18,6,9.00E+09,Good,
20210523,L+O,11,5,Phage_606,5,5,2.50E+08,Good,
20210523,L+O,12,5,Phage_606,49,5,2.45E+09,Good,
20210523,EvoC,1,5,Phage_Lminus,4,5,2.00E+08,Good,
20210523,EvoC,2,5,Phage_Lminus,11,2,5.50E+05,Good,
20210523,EvoC,3,5,Phage_Lminus,0,0,0.00E+00,REMOVE,
20210523,EvoC,4,5,Phage_Lminus,6,0,3.00E+03,Good,
20210523,EvoC,5,5,Phage_Lminus,16,5,8.00E+08,Good,
20210523,EvoC,6,5,Phage_Lminus,6,5,3.00E+08,Good,
20210523,EvoC,7,5,Phage_Lminus,6,3,3.00E+06,Good,
20210523,EvoC,8,5,Phage_Lminus,8,4,4.00E+07,Good,
20210523,EvoC,9,5,Phage_Lminus,9,3,4.50E+06,Good,
20210523,EvoC,10,5,Phage_Lminus,0,0,0.00E+00,REMOVE,
20210523,EvoC,11,5,Phage_Lminus,8,2,4.00E+05,Good,
20210523,EvoC,12,5,Phage_Lminus,0,0,0.00E+00,Good,
20210523,L+O,1,5,Phage_Lminus,17,5,8.50E+08,Good,
20210523,L+O,2,5,Phage_Lminus,50,1,2.50E+05,Good,
20210523,L+O,3,5,Phage_Lminus,30,4,1.50E+08,Good,
20210523,L+O,4,5,Phage_Lminus,6,5,3.00E+08,Good,
20210523,L+O,5,5,Phage_Lminus,33,2,1.65E+06,Good,
20210523,L+O,6,5,Phage_Lminus,16,2,8.00E+05,Good,
20210523,L+O,7,5,Phage_Lminus,14,4,7.00E+07,Good,
20210523,L+O,8,5,Phage_Lminus,7,3,3.50E+06,Good,
20210523,L+O,9,5,Phage_Lminus,0,0,0.00E+00,REMOVE,
20210523,L+O,10,5,Phage_Lminus,7,6,3.50E+09,Good,
20210523,L+O,11,5,Phage_Lminus,4,4,2.00E+07,Good,
20210523,L+O,12,5,Phage_Lminus,8,6,4.00E+09,Good,
20210523,EvoC,1,5,Phage_Ominus,24,4,1.20E+08,Good,
20210523,EvoC,2,5,Phage_Ominus,25,3,1.25E+07,Good,
20210523,EvoC,3,5,Phage_Ominus,0,0,0.00E+00,REMOVE,
20210523,EvoC,4,5,Phage_Ominus,0,0,0.00E+00,Good,
20210523,EvoC,5,5,Phage_Ominus,18,5,9.00E+08,Good,
20210523,EvoC,6,5,Phage_Ominus,36,5,1.80E+09,Good,
20210523,EvoC,7,5,Phage_Ominus,7,4,3.50E+07,Good,
20210523,EvoC,8,5,Phage_Ominus,14,4,7.00E+07,Good,
20210523,EvoC,9,5,Phage_Ominus,24,3,1.20E+07,Good,
20210523,EvoC,10,5,Phage_Ominus,0,0,0.00E+00,REMOVE,
20210523,EvoC,11,5,Phage_Ominus,6,2,3.00E+05,Good,
20210523,EvoC,12,5,Phage_Ominus,0,0,0.00E+00,Good,
20210523,L+O,1,5,Phage_Ominus,22,5,1.10E+09,Good,
20210523,L+O,2,5,Phage_Ominus,6,4,3.00E+07,Good,
20210523,L+O,3,5,Phage_Ominus,12,6,6.00E+09,Good,
20210523,L+O,4,5,Phage_Ominus,10,3,5.00E+06,Good,
20210523,L+O,5,5,Phage_Ominus,27,5,1.35E+09,Good,
20210523,L+O,6,5,Phage_Ominus,1,0,5.00E+02,Good,
20210523,L+O,7,5,Phage_Ominus,6,4,3.00E+07,Good,
20210523,L+O,8,5,Phage_Ominus,42,4,2.10E+08,Good,
20210523,L+O,9,5,Phage_Ominus,0,0,0.00E+00,REMOVE,
20210523,L+O,10,5,Phage_Ominus,17,5,8.50E+08,Good,
20210523,L+O,11,5,Phage_Ominus,8,5,4.00E+08,Good,
20210523,L+O,12,5,Phage_Ominus,30,4,1.50E+08,Good,
20210524,EvoC,1,6,Bacteria,132,2,1.32E+05,Good,
20210524,EvoC,2,6,Bacteria,18,6,1.80E+08,Good,
20210524,EvoC,3,6,Bacteria,172,6,1.72E+09,REMOVE,
20210524,EvoC,4,6,Bacteria,1280,4,1.28E+08,Good,
20210524,EvoC,5,6,Bacteria,132,4,1.32E+07,Good,
20210524,EvoC,6,6,Bacteria,272,5,2.72E+08,Good,
20210524,EvoC,7,6,Bacteria,75,6,7.50E+08,Good,
20210524,EvoC,8,6,Bacteria,306,5,3.06E+08,Good,
20210524,EvoC,9,6,Bacteria,119,6,1.19E+09,Good,
20210524,EvoC,10,6,Bacteria,221,6,2.21E+09,REMOVE,
20210524,EvoC,11,6,Bacteria,239,6,2.39E+09,Good,
20210524,EvoC,12,6,Bacteria,0,0,0.00E+00,Good,
20210524,L+O,1,6,Bacteria,119,6,1.19E+09,Good,
20210524,L+O,2,6,Bacteria,396,5,3.96E+08,Good,
20210524,L+O,3,6,Bacteria,23,5,2.30E+07,Good,
20210524,L+O,4,6,Bacteria,0,6,NA,Good,
20210524,L+O,5,6,Bacteria,124,6,1.24E+09,Good,
20210524,L+O,6,6,Bacteria,712,0,7.12E+03,Good,
20210524,L+O,7,6,Bacteria,1228,4,1.23E+08,Good,
20210524,L+O,8,6,Bacteria,376,5,3.76E+08,Good,
20210524,L+O,9,6,Bacteria,219,6,2.19E+09,REMOVE,
20210524,L+O,10,6,Bacteria,54,6,5.40E+08,Good,
20210524,L+O,11,6,Bacteria,6,6,6.00E+07,Good,
20210524,L+O,12,6,Bacteria,4368,2,4.37E+06,Good,
20210524,EvoC,1,6,Phage_606,41,2,2.05E+06,Good,
20210524,EvoC,2,6,Phage_606,7,6,3.50E+09,Good,
20210524,EvoC,3,6,Phage_606,0,0,0.00E+00,REMOVE,
20210524,EvoC,4,6,Phage_606,17,3,8.50E+06,Good,
20210524,EvoC,5,6,Phage_606,8,5,4.00E+08,Good,
20210524,EvoC,6,6,Phage_606,22,6,1.10E+10,Good,
20210524,EvoC,7,6,Phage_606,6,3,3.00E+06,Good,
20210524,EvoC,8,6,Phage_606,5,5,2.50E+08,Good,
20210524,EvoC,9,6,Phage_606,27,1,1.35E+05,Good,
20210524,EvoC,10,6,Phage_606,0,0,0.00E+00,REMOVE,
20210524,EvoC,11,6,Phage_606,2,0,1.00E+03,Good,
20210524,EvoC,12,6,Phage_606,0,0,0.00E+00,Good,
20210524,L+O,1,6,Phage_606,25,4,1.25E+08,Good,
20210524,L+O,2,6,Phage_606,7,6,3.50E+09,Good,
20210524,L+O,3,6,Phage_606,21,6,1.05E+10,Good,
20210524,L+O,4,6,Phage_606,33,5,1.65E+09,Good,
20210524,L+O,5,6,Phage_606,6,5,3.00E+08,Good,
20210524,L+O,6,6,Phage_606,0,0,0.00E+00,Good,
20210524,L+O,7,6,Phage_606,27,5,1.35E+09,Good,
20210524,L+O,8,6,Phage_606,21,4,1.05E+08,Good,
20210524,L+O,9,6,Phage_606,0,0,0.00E+00,REMOVE,
20210524,L+O,10,6,Phage_606,25,4,1.25E+08,Good,
20210524,L+O,11,6,Phage_606,28,5,1.40E+09,Good,
20210524,L+O,12,6,Phage_606,6,6,3.00E+09,Good,
20210524,EvoC,1,6,Phage_Lminus,34,2,1.70E+06,Good,
20210524,EvoC,2,6,Phage_Lminus,8,4,4.00E+07,Good,
20210524,EvoC,3,6,Phage_Lminus,0,0,0.00E+00,REMOVE,
20210524,EvoC,4,6,Phage_Lminus,19,3,9.50E+06,Good,
20210524,EvoC,5,6,Phage_Lminus,10,5,5.00E+08,Good,
20210524,EvoC,6,6,Phage_Lminus,11,6,5.50E+09,Good,
20210524,EvoC,7,6,Phage_Lminus,6,3,3.00E+06,Good,
20210524,EvoC,8,6,Phage_Lminus,6,5,3.00E+08,Good,
20210524,EvoC,9,6,Phage_Lminus,25,1,1.25E+05,Good,
20210524,EvoC,10,6,Phage_Lminus,0,0,0.00E+00,REMOVE,
20210524,EvoC,11,6,Phage_Lminus,2,0,1.00E+03,Good,
20210524,EvoC,12,6,Phage_Lminus,0,0,0.00E+00,Good,
20210524,L+O,1,6,Phage_Lminus,14,2,7.00E+05,Good,
20210524,L+O,2,6,Phage_Lminus,26,3,1.30E+07,Good,
20210524,L+O,3,6,Phage_Lminus,11,6,5.50E+09,Good,
20210524,L+O,4,6,Phage_Lminus,9,6,4.50E+09,Good,
20210524,L+O,5,6,Phage_Lminus,20,3,1.00E+07,Good,
20210524,L+O,6,6,Phage_Lminus,0,0,0.00E+00,Good,
20210524,L+O,7,6,Phage_Lminus,6,5,3.00E+08,Good,
20210524,L+O,8,6,Phage_Lminus,3,4,1.50E+07,Good,
20210524,L+O,9,6,Phage_Lminus,0,0,0.00E+00,REMOVE,
20210524,L+O,10,6,Phage_Lminus,7,4,3.50E+07,Good,
20210524,L+O,11,6,Phage_Lminus,24,5,1.20E+09,Good,
20210524,L+O,12,6,Phage_Lminus,8,5,4.00E+08,Good,
20210524,EvoC,1,6,Phage_Ominus,11,3,5.50E+06,Good,
20210524,EvoC,2,6,Phage_Ominus,5,5,2.50E+08,Good,
20210524,EvoC,3,6,Phage_Ominus,0,0,0.00E+00,REMOVE,
20210524,EvoC,4,6,Phage_Ominus,22,3,1.10E+07,Good,
20210524,EvoC,5,6,Phage_Ominus,16,5,8.00E+08,Good,
20210524,EvoC,6,6,Phage_Ominus,8,6,4.00E+09,Good,
20210524,EvoC,7,6,Phage_Ominus,9,3,4.50E+06,Good,
20210524,EvoC,8,6,Phage_Ominus,5,5,2.50E+08,Good,
20210524,EvoC,9,6,Phage_Ominus,27,1,1.35E+05,Good,
20210524,EvoC,10,6,Phage_Ominus,0,0,0.00E+00,REMOVE,
20210524,EvoC,11,6,Phage_Ominus,1,0,5.00E+02,Good,
20210524,EvoC,12,6,Phage_Ominus,0,0,0.00E+00,Good,
20210524,L+O,1,6,Phage_Ominus,5,5,2.50E+08,Good,
20210524,L+O,2,6,Phage_Ominus,18,6,9.00E+09,Good,
20210524,L+O,3,6,Phage_Ominus,5,6,2.50E+09,Good,
20210524,L+O,4,6,Phage_Ominus,24,4,1.20E+08,Good,
20210524,L+O,5,6,Phage_Ominus,11,5,5.50E+08,Good,
20210524,L+O,6,6,Phage_Ominus,0,0,0.00E+00,Good,
20210524,L+O,7,6,Phage_Ominus,19,5,9.50E+08,Good,
20210524,L+O,8,6,Phage_Ominus,21,4,1.05E+08,Good,
20210524,L+O,9,6,Phage_Ominus,0,0,0.00E+00,REMOVE,
20210524,L+O,10,6,Phage_Ominus,26,4,1.30E+08,Good,
20210524,L+O,11,6,Phage_Ominus,27,4,1.35E+08,Good,
20210524,L+O,12,6,Phage_Ominus,3,6,1.50E+09,Good,
20210525,EvoC,1,7,Bacteria,102,5,1.02E+08,Good,
20210525,EvoC,2,7,Bacteria,264,3,2.64E+06,Good,
20210525,EvoC,3,7,Bacteria,117,6,1.17E+09,REMOVE,
20210525,EvoC,4,7,Bacteria,5936,2,5.94E+06,Good,
20210525,EvoC,5,7,Bacteria,95,6,9.50E+08,Good,
20210525,EvoC,6,7,Bacteria,120,6,1.20E+09,Good,
20210525,EvoC,7,7,Bacteria,70,6,7.00E+08,Good,
20210525,EvoC,8,7,Bacteria,71,6,7.10E+08,Good,
20210525,EvoC,9,7,Bacteria,122,6,1.22E+09,Good,
20210525,EvoC,10,7,Bacteria,139,6,1.39E+09,REMOVE,
20210525,EvoC,11,7,Bacteria,200,6,2.00E+09,Good,
20210525,EvoC,12,7,Bacteria,0,0,0.00E+00,Good,
20210525,L+O,1,7,Bacteria,53,6,5.30E+08,Good,
20210525,L+O,2,7,Bacteria,82,6,8.20E+08,Good,
20210525,L+O,3,7,Bacteria,140,6,1.40E+09,Good,
20210525,L+O,4,7,Bacteria,780,2,7.80E+05,Good,
20210525,L+O,5,7,Bacteria,137,6,1.37E+09,Good,
20210525,L+O,6,7,Bacteria,59,6,5.90E+08,Good,
20210525,L+O,7,7,Bacteria,123,6,1.23E+09,Good,
20210525,L+O,8,7,Bacteria,102,6,1.02E+09,Good,
20210525,L+O,9,7,Bacteria,143,6,1.43E+09,REMOVE,
20210525,L+O,10,7,Bacteria,57,6,5.70E+08,Good,
20210525,L+O,11,7,Bacteria,48,6,4.80E+08,Good,
20210525,L+O,12,7,Bacteria,291,5,2.91E+08,Good,
20210525,EvoC,1,7,Phage_606,33,5,1.65E+09,Good,
20210525,EvoC,2,7,Phage_606,14,5,7.00E+08,Good,
20210525,EvoC,3,7,Phage_606,0,0,0.00E+00,REMOVE,
20210525,EvoC,4,7,Phage_606,8,4,4.00E+07,Good,
20210525,EvoC,5,7,Phage_606,7,5,3.50E+08,Good,
20210525,EvoC,6,7,Phage_606,7,4,3.50E+07,Good,
20210525,EvoC,7,7,Phage_606,7,3,3.50E+06,Good,
20210525,EvoC,8,7,Phage_606,19,4,9.50E+07,Good,
20210525,EvoC,9,7,Phage_606,7,0,3.50E+03,Good,
20210525,EvoC,10,7,Phage_606,0,0,0.00E+00,REMOVE,
20210525,EvoC,11,7,Phage_606,0,0,0.00E+00,Good,
20210525,EvoC,12,7,Phage_606,0,0,0.00E+00,Good,
20210525,L+O,1,7,Phage_606,17,4,8.50E+07,Good,
20210525,L+O,2,7,Phage_606,5,5,2.50E+08,Good,
20210525,L+O,3,7,Phage_606,28,5,1.40E+09,Good,
20210525,L+O,4,7,Phage_606,5,4,2.50E+07,Good,
20210525,L+O,5,7,Phage_606,30,5,1.50E+09,Good,
20210525,L+O,6,7,Phage_606,19,3,9.50E+06,Good,
20210525,L+O,7,7,Phage_606,17,5,8.50E+08,Good,
20210525,L+O,8,7,Phage_606,5,6,2.50E+09,Good,
20210525,L+O,9,7,Phage_606,0,0,0.00E+00,REMOVE,
20210525,L+O,10,7,Phage_606,12,6,6.00E+09,Good,
20210525,L+O,11,7,Phage_606,23,4,1.15E+08,Good,
20210525,L+O,12,7,Phage_606,33,4,1.65E+08,Good,
20210525,EvoC,1,7,Phage_Lminus,8,6,4.00E+09,Good,
20210525,EvoC,2,7,Phage_Lminus,13,5,6.50E+08,Good,
20210525,EvoC,3,7,Phage_Lminus,0,0,0.00E+00,REMOVE,
20210525,EvoC,4,7,Phage_Lminus,7,4,3.50E+07,Good,
20210525,EvoC,5,7,Phage_Lminus,7,5,3.50E+08,Good,
20210525,EvoC,6,7,Phage_Lminus,29,3,1.45E+07,Good,
20210525,EvoC,7,7,Phage_Lminus,9,3,4.50E+06,Good,
20210525,EvoC,8,7,Phage_Lminus,16,4,8.00E+07,Good,
20210525,EvoC,9,7,Phage_Lminus,2,0,1.00E+03,Good,
20210525,EvoC,10,7,Phage_Lminus,0,0,0.00E+00,REMOVE,
20210525,EvoC,11,7,Phage_Lminus,0,0,0.00E+00,Good,
20210525,EvoC,12,7,Phage_Lminus,0,0,0.00E+00,Good,
20210525,L+O,1,7,Phage_Lminus,26,0,1.30E+04,Good,
20210525,L+O,2,7,Phage_Lminus,11,4,5.50E+07,Good,
20210525,L+O,3,7,Phage_Lminus,26,5,1.30E+09,Good,
20210525,L+O,4,7,Phage_Lminus,33,3,1.65E+07,Good,
20210525,L+O,5,7,Phage_Lminus,10,4,5.00E+07,Good,
20210525,L+O,6,7,Phage_Lminus,14,3,7.00E+06,Good,
20210525,L+O,7,7,Phage_Lminus,18,2,9.00E+05,Good,
20210525,L+O,8,7,Phage_Lminus,21,4,1.05E+08,Good,
20210525,L+O,9,7,Phage_Lminus,0,0,0.00E+00,REMOVE,
20210525,L+O,10,7,Phage_Lminus,19,5,9.50E+08,Good,
20210525,L+O,11,7,Phage_Lminus,5,3,2.50E+06,Good,
20210525,L+O,12,7,Phage_Lminus,22,4,1.10E+08,Good,
20210525,EvoC,1,7,Phage_Ominus,17,6,8.50E+09,Good,
20210525,EvoC,2,7,Phage_Ominus,24,5,1.20E+09,Good,
20210525,EvoC,3,7,Phage_Ominus,0,0,0.00E+00,REMOVE,
20210525,EvoC,4,7,Phage_Ominus,17,4,8.50E+07,Good,
20210525,EvoC,5,7,Phage_Ominus,6,5,3.00E+08,Good,
20210525,EvoC,6,7,Phage_Ominus,11,4,5.50E+07,Good,
20210525,EvoC,7,7,Phage_Ominus,14,3,7.00E+06,Good,
20210525,EvoC,8,7,Phage_Ominus,17,4,8.50E+07,Good,
20210525,EvoC,9,7,Phage_Ominus,4,0,2.00E+03,Good,
20210525,EvoC,10,7,Phage_Ominus,0,0,0.00E+00,REMOVE,
20210525,EvoC,11,7,Phage_Ominus,0,0,0.00E+00,Good,
20210525,EvoC,12,7,Phage_Ominus,0,0,0.00E+00,Good,
20210525,L+O,1,7,Phage_Ominus,27,4,1.35E+08,Good,
20210525,L+O,2,7,Phage_Ominus,34,4,1.70E+08,Good,
20210525,L+O,3,7,Phage_Ominus,6,6,3.00E+09,Good,
20210525,L+O,4,7,Phage_Ominus,8,3,4.00E+06,Good,
20210525,L+O,5,7,Phage_Ominus,8,6,4.00E+09,Good,
20210525,L+O,6,7,Phage_Ominus,8,3,4.00E+06,Good,
20210525,L+O,7,7,Phage_Ominus,36,5,1.80E+09,Good,
20210525,L+O,8,7,Phage_Ominus,8,6,4.00E+09,Good,
20210525,L+O,9,7,Phage_Ominus,0,0,0.00E+00,REMOVE,
20210525,L+O,10,7,Phage_Ominus,7,6,3.50E+09,Good,
20210525,L+O,11,7,Phage_Ominus,27,4,1.35E+08,Good,
20210525,L+O,12,7,Phage_Ominus,10,4,5.00E+07,Good,
20210526,EvoC,1,8,Bacteria,8904,2,8.90E+06,Good,
20210526,EvoC,2,8,Bacteria,289,2,2.89E+05,Good,
20210526,EvoC,3,8,Bacteria,104,6,1.04E+09,REMOVE,
20210526,EvoC,4,8,Bacteria,6888,2,6.89E+06,Good,
20210526,EvoC,5,8,Bacteria,118,6,1.18E+09,Good,
20210526,EvoC,6,8,Bacteria,94,6,9.40E+08,Good,
20210526,EvoC,7,8,Bacteria,89,6,8.90E+08,Good,
20210526,EvoC,8,8,Bacteria,5488,2,5.49E+06,Good,
20210526,EvoC,9,8,Bacteria,114,6,1.14E+09,Good,
20210526,EvoC,10,8,Bacteria,78,6,7.80E+08,REMOVE,
20210526,EvoC,11,8,Bacteria,125,6,1.25E+09,Good,
20210526,EvoC,12,8,Bacteria,0,0,0.00E+00,Good,
20210526,L+O,1,8,Bacteria,156,6,1.56E+09,Good,
20210526,L+O,2,8,Bacteria,66,6,6.60E+08,Good,
20210526,L+O,3,8,Bacteria,44,6,4.40E+08,Good,
20210526,L+O,4,8,Bacteria,724,2,7.24E+05,Good,
20210526,L+O,5,8,Bacteria,84,6,8.40E+08,Good,
20210526,L+O,6,8,Bacteria,5544,2,5.54E+06,Good,
20210526,L+O,7,8,Bacteria,163,6,1.63E+09,Good,
20210526,L+O,8,8,Bacteria,146,6,1.46E+09,Good,
20210526,L+O,9,8,Bacteria,132,6,1.32E+09,REMOVE,
20210526,L+O,10,8,Bacteria,121,6,1.21E+09,Good,
20210526,L+O,11,8,Bacteria,85,6,8.50E+08,Good,
20210526,L+O,12,8,Bacteria,83,6,8.30E+08,Good,
20210526,EvoC,1,8,Phage_606,6,5,3.00E+08,Good,
20210526,EvoC,2,8,Phage_606,17,5,8.50E+08,Good,
20210526,EvoC,3,8,Phage_606,0,0,0.00E+00,REMOVE,
20210526,EvoC,4,8,Phage_606,5,3,2.50E+06,Good,
20210526,EvoC,5,8,Phage_606,6,5,3.00E+08,Good,
20210526,EvoC,6,8,Phage_606,23,4,1.15E+08,Good,
20210526,EvoC,7,8,Phage_606,23,3,1.15E+07,Good,
20210526,EvoC,8,8,Phage_606,6,5,3.00E+08,Good,
20210526,EvoC,9,8,Phage_606,0,0,0.00E+00,Good,
20210526,EvoC,10,8,Phage_606,0,0,0.00E+00,REMOVE,
20210526,EvoC,11,8,Phage_606,9,0,4.50E+03,Good,
20210526,EvoC,12,8,Phage_606,0,0,0.00E+00,Good,
20210526,L+O,1,8,Phage_606,7,4,3.50E+07,Good,
20210526,L+O,2,8,Phage_606,11,4,5.50E+07,Good,
20210526,L+O,3,8,Phage_606,22,6,1.10E+10,Good,
20210526,L+O,4,8,Phage_606,5,6,2.50E+09,Good,
20210526,L+O,5,8,Phage_606,4,5,2.00E+08,Good,
20210526,L+O,6,8,Phage_606,10,4,5.00E+07,Good,
20210526,L+O,7,8,Phage_606,29,5,1.45E+09,Good,
20210526,L+O,8,8,Phage_606,9,5,4.50E+08,Good,
20210526,L+O,9,8,Phage_606,0,0,0.00E+00,REMOVE,
20210526,L+O,10,8,Phage_606,18,6,9.00E+09,Good,
20210526,L+O,11,8,Phage_606,16,4,8.00E+07,Good,
20210526,L+O,12,8,Phage_606,31,5,1.55E+09,Good,
20210526,EvoC,1,8,Phage_Lminus,29,4,1.45E+08,Good,
20210526,EvoC,2,8,Phage_Lminus,31,4,1.55E+08,Good,
20210526,EvoC,3,8,Phage_Lminus,0,0,0.00E+00,REMOVE,
20210526,EvoC,4,8,Phage_Lminus,9,3,4.50E+06,Good,
20210526,EvoC,5,8,Phage_Lminus,27,4,1.35E+08,Good,
20210526,EvoC,6,8,Phage_Lminus,8,4,4.00E+07,Good,
20210526,EvoC,7,8,Phage_Lminus,20,3,1.00E+07,Good,
20210526,EvoC,8,8,Phage_Lminus,31,4,1.55E+08,Good,
20210526,EvoC,9,8,Phage_Lminus,0,0,0.00E+00,Good,
20210526,EvoC,10,8,Phage_Lminus,0,0,0.00E+00,REMOVE,
20210526,EvoC,11,8,Phage_Lminus,0,0,0.00E+00,Good,
20210526,EvoC,12,8,Phage_Lminus,0,0,0.00E+00,Good,
20210526,L+O,1,8,Phage_Lminus,3,1,1.50E+04,Good,
20210526,L+O,2,8,Phage_Lminus,20,3,1.00E+07,Good,
20210526,L+O,3,8,Phage_Lminus,16,6,8.00E+09,Good,
20210526,L+O,4,8,Phage_Lminus,17,4,8.50E+07,Good,
20210526,L+O,5,8,Phage_Lminus,20,2,1.00E+06,Good,
20210526,L+O,6,8,Phage_Lminus,8,4,4.00E+07,Good,
20210526,L+O,7,8,Phage_Lminus,23,1,1.15E+05,Good,
20210526,L+O,8,8,Phage_Lminus,20,4,1.00E+08,Good,
20210526,L+O,9,8,Phage_Lminus,0,0,0.00E+00,REMOVE,
20210526,L+O,10,8,Phage_Lminus,6,5,3.00E+08,Good,
20210526,L+O,11,8,Phage_Lminus,12,3,6.00E+06,Good,
20210526,L+O,12,8,Phage_Lminus,19,5,9.50E+08,Good,
20210526,EvoC,1,8,Phage_Ominus,14,4,7.00E+07,Good,
20210526,EvoC,2,8,Phage_Ominus,28,5,1.40E+09,Good,
20210526,EvoC,3,8,Phage_Ominus,0,0,0.00E+00,REMOVE,
20210526,EvoC,4,8,Phage_Ominus,6,3,3.00E+06,Good,
20210526,EvoC,5,8,Phage_Ominus,30,4,1.50E+08,Good,
20210526,EvoC,6,8,Phage_Ominus,16,4,8.00E+07,Good,
20210526,EvoC,7,8,Phage_Ominus,17,3,8.50E+06,Good,
20210526,EvoC,8,8,Phage_Ominus,30,4,1.50E+08,Good,
20210526,EvoC,9,8,Phage_Ominus,0,0,0.00E+00,Good,
20210526,EvoC,10,8,Phage_Ominus,0,0,0.00E+00,REMOVE,
20210526,EvoC,11,8,Phage_Ominus,7,1,3.50E+04,Good,
20210526,EvoC,12,8,Phage_Ominus,0,0,0.00E+00,Good,
20210526,L+O,1,8,Phage_Ominus,14,4,7.00E+07,Good,
20210526,L+O,2,8,Phage_Ominus,9,5,4.50E+08,Good,
20210526,L+O,3,8,Phage_Ominus,25,5,1.25E+09,Good,
20210526,L+O,4,8,Phage_Ominus,13,6,6.50E+09,Good,
20210526,L+O,5,8,Phage_Ominus,6,5,3.00E+08,Good,
20210526,L+O,6,8,Phage_Ominus,3,2,1.50E+05,Good,
20210526,L+O,7,8,Phage_Ominus,6,6,3.00E+09,Good,
20210526,L+O,8,8,Phage_Ominus,6,5,3.00E+08,Good,
20210526,L+O,9,8,Phage_Ominus,0,0,0.00E+00,REMOVE,
20210526,L+O,10,8,Phage_Ominus,12,6,6.00E+09,Good,
20210526,L+O,11,8,Phage_Ominus,29,4,1.45E+08,Good,
20210526,L+O,12,8,Phage_Ominus,11,4,5.50E+07,Good,
20210527,EvoC,1,9,Bacteria,118,6,1.18E+09,Good,
20210527,EvoC,2,9,Bacteria,636,3,6.36E+06,Good,
20210527,EvoC,3,9,Bacteria,139,6,1.39E+09,REMOVE,
20210527,EvoC,4,9,Bacteria,227,5,2.27E+08,Good,
20210527,EvoC,5,9,Bacteria,109,6,1.09E+09,Good,
20210527,EvoC,6,9,Bacteria,67,6,6.70E+08,Good,
20210527,EvoC,7,9,Bacteria,41,6,4.10E+08,Good,
20210527,EvoC,8,9,Bacteria,113,5,1.13E+08,Good,
20210527,EvoC,9,9,Bacteria,145,6,1.45E+09,Good,
20210527,EvoC,10,9,Bacteria,136,6,1.36E+09,REMOVE,
20210527,EvoC,11,9,Bacteria,153,6,1.53E+09,Good,
20210527,EvoC,12,9,Bacteria,0,0,0.00E+00,Good,
20210527,L+O,1,9,Bacteria,107,6,1.07E+09,Good,
20210527,L+O,2,9,Bacteria,135,6,1.35E+09,Good,
20210527,L+O,3,9,Bacteria,26,6,2.60E+08,Good,
20210527,L+O,4,9,Bacteria,208,3,2.08E+06,Good,
20210527,L+O,5,9,Bacteria,115,6,1.15E+09,Good,
20210527,L+O,6,9,Bacteria,11,6,1.10E+08,Good,
20210527,L+O,7,9,Bacteria,150,6,1.50E+09,Good,
20210527,L+O,8,9,Bacteria,118,6,1.18E+09,Good,
20210527,L+O,9,9,Bacteria,153,6,1.53E+09,REMOVE,
20210527,L+O,10,9,Bacteria,89,6,8.90E+08,Good,
20210527,L+O,11,9,Bacteria,98,6,9.80E+08,Good,
20210527,L+O,12,9,Bacteria,59,6,5.90E+08,Good,
20210527,EvoC,1,9,Phage_606,7,5,3.50E+08,Good,
20210527,EvoC,2,9,Phage_606,10,4,5.00E+07,Good,
20210527,EvoC,3,9,Phage_606,0,0,0.00E+00,REMOVE,
20210527,EvoC,4,9,Phage_606,11,2,5.50E+05,Good,
20210527,EvoC,5,9,Phage_606,25,4,1.25E+08,Good,
20210527,EvoC,6,9,Phage_606,17,5,8.50E+08,Good,
20210527,EvoC,7,9,Phage_606,13,4,6.50E+07,Good,
20210527,EvoC,8,9,Phage_606,16,5,8.00E+08,Good,
20210527,EvoC,9,9,Phage_606,0,0,0.00E+00,Good,
20210527,EvoC,10,9,Phage_606,0,0,0.00E+00,REMOVE,
20210527,EvoC,11,9,Phage_606,0,0,0.00E+00,Good,
20210527,EvoC,12,9,Phage_606,0,0,0.00E+00,Good,
20210527,L+O,1,9,Phage_606,19,4,9.50E+07,Good,
20210527,L+O,2,9,Phage_606,8,4,4.00E+07,Good,
20210527,L+O,3,9,Phage_606,34,5,1.70E+09,Good,
20210527,L+O,4,9,Phage_606,35,5,1.75E+09,Good,
20210527,L+O,5,9,Phage_606,6,4,3.00E+07,Good,
20210527,L+O,6,9,Phage_606,46,4,2.30E+08,Good,
20210527,L+O,7,9,Phage_606,27,5,1.35E+09,Good,
20210527,L+O,8,9,Phage_606,15,4,7.50E+07,Good,
20210527,L+O,9,9,Phage_606,0,0,0.00E+00,REMOVE,
20210527,L+O,10,9,Phage_606,4,6,2.00E+09,Good,
20210527,L+O,11,9,Phage_606,31,5,1.55E+09,Good,
20210527,L+O,12,9,Phage_606,6,6,3.00E+09,Good,
20210527,EvoC,1,9,Phage_Lminus,31,4,1.55E+08,Good,
20210527,EvoC,2,9,Phage_Lminus,24,2,1.20E+06,Good,
20210527,EvoC,3,9,Phage_Lminus,0,0,0.00E+00,REMOVE,
20210527,EvoC,4,9,Phage_Lminus,19,2,9.50E+05,Good,
20210527,EvoC,5,9,Phage_Lminus,20,4,1.00E+08,Good,
20210527,EvoC,6,9,Phage_Lminus,32,4,1.60E+08,Good,
20210527,EvoC,7,9,Phage_Lminus,5,3,2.50E+06,Good,
20210527,EvoC,8,9,Phage_Lminus,10,5,5.00E+08,Good,
20210527,EvoC,9,9,Phage_Lminus,0,0,0.00E+00,Good,
20210527,EvoC,10,9,Phage_Lminus,0,0,0.00E+00,REMOVE,
20210527,EvoC,11,9,Phage_Lminus,0,0,0.00E+00,Good,
20210527,EvoC,12,9,Phage_Lminus,0,0,0.00E+00,Good,
20210527,L+O,1,9,Phage_Lminus,4,1,2.00E+04,Good,
20210527,L+O,2,9,Phage_Lminus,21,3,1.05E+07,Good,
20210527,L+O,3,9,Phage_Lminus,26,5,1.30E+09,Good,
20210527,L+O,4,9,Phage_Lminus,23,5,1.15E+09,Good,
20210527,L+O,5,9,Phage_Lminus,7,2,3.50E+05,Good,
20210527,L+O,6,9,Phage_Lminus,18,4,9.00E+07,Good,
20210527,L+O,7,9,Phage_Lminus,4,2,2.00E+05,Good,
20210527,L+O,8,9,Phage_Lminus,7,4,3.50E+07,Good,
20210527,L+O,9,9,Phage_Lminus,0,0,0.00E+00,REMOVE,
20210527,L+O,10,9,Phage_Lminus,10,5,5.00E+08,Good,
20210527,L+O,11,9,Phage_Lminus,6,4,3.00E+07,Good,
20210527,L+O,12,9,Phage_Lminus,15,5,7.50E+08,Good,
20210527,EvoC,1,9,Phage_Ominus,9,5,4.50E+08,Good,
20210527,EvoC,2,9,Phage_Ominus,6,5,3.00E+08,Good,
20210527,EvoC,3,9,Phage_Ominus,0,0,0.00E+00,REMOVE,
20210527,EvoC,4,9,Phage_Ominus,25,2,1.25E+06,Good,
20210527,EvoC,5,9,Phage_Ominus,23,4,1.15E+08,Good,
20210527,EvoC,6,9,Phage_Ominus,8,5,4.00E+08,Good,
20210527,EvoC,7,9,Phage_Ominus,6,5,3.00E+08,Good,
20210527,EvoC,8,9,Phage_Ominus,10,5,5.00E+08,Good,
20210527,EvoC,9,9,Phage_Ominus,0,0,0.00E+00,Good,
20210527,EvoC,10,9,Phage_Ominus,0,0,0.00E+00,REMOVE,
20210527,EvoC,11,9,Phage_Ominus,2,0,1.00E+03,Good,
20210527,EvoC,12,9,Phage_Ominus,0,0,0.00E+00,Good,
20210527,L+O,1,9,Phage_Ominus,5,5,2.50E+08,Good,
20210527,L+O,2,9,Phage_Ominus,18,4,9.00E+07,Good,
20210527,L+O,3,9,Phage_Ominus,10,5,5.00E+08,Good,
20210527,L+O,4,9,Phage_Ominus,38,5,1.90E+09,Good,
20210527,L+O,5,9,Phage_Ominus,10,4,5.00E+07,Good,
20210527,L+O,6,9,Phage_Ominus,4,5,2.00E+08,Good,
20210527,L+O,7,9,Phage_Ominus,5,6,2.50E+09,Good,
20210527,L+O,8,9,Phage_Ominus,2,4,1.00E+07,Good,
20210527,L+O,9,9,Phage_Ominus,0,0,0.00E+00,REMOVE,
20210527,L+O,10,9,Phage_Ominus,14,6,7.00E+09,Good,
20210527,L+O,11,9,Phage_Ominus,27,5,1.35E+09,Good,
20210527,L+O,12,9,Phage_Ominus,14,6,7.00E+09,Good,
20210528,EvoC,1,10,Bacteria,184,3,1.84E+06,Good,
20210528,EvoC,2,10,Bacteria,520,3,5.20E+06,Good,
20210528,EvoC,3,10,Bacteria,157,6,1.57E+09,REMOVE,
20210528,EvoC,4,10,Bacteria,29,6,2.90E+08,Good,
20210528,EvoC,5,10,Bacteria,99,6,9.90E+08,Good,
20210528,EvoC,6,10,Bacteria,124,6,1.24E+09,Good,
20210528,EvoC,7,10,Bacteria,41,6,4.10E+08,Good,
20210528,EvoC,8,10,Bacteria,149,6,1.49E+09,Good,
20210528,EvoC,9,10,Bacteria,116,6,1.16E+09,Good,
20210528,EvoC,10,10,Bacteria,87,6,8.70E+08,REMOVE,
20210528,EvoC,11,10,Bacteria,80,6,8.00E+08,Good,
20210528,EvoC,12,10,Bacteria,0,6,0.00E+00,Good,
20210528,L+O,1,10,Bacteria,180,6,1.80E+09,Good,
20210528,L+O,2,10,Bacteria,220,6,2.20E+09,Good,
20210528,L+O,3,10,Bacteria,84,6,8.40E+08,Good,
20210528,L+O,4,10,Bacteria,118,4,1.18E+07,Good,
20210528,L+O,5,10,Bacteria,155,6,1.55E+09,Good,
20210528,L+O,6,10,Bacteria,177,3,1.77E+06,Good,
20210528,L+O,7,10,Bacteria,158,6,1.58E+09,Good,
20210528,L+O,8,10,Bacteria,113,6,1.13E+09,Good,
20210528,L+O,9,10,Bacteria,115,6,1.15E+09,REMOVE,
20210528,L+O,10,10,Bacteria,74,6,7.40E+08,Good,
20210528,L+O,11,10,Bacteria,20,6,2.00E+08,Good,
20210528,L+O,12,10,Bacteria,118,6,1.18E+09,Good,
20210528,EvoC,1,10,Phage_606,3,1,1.50E+04,Good,
20210528,EvoC,2,10,Phage_606,11,1,5.50E+04,Good,
20210528,EvoC,3,10,Phage_606,0,0,0.00E+00,REMOVE,
20210528,EvoC,4,10,Phage_606,12,5,6.00E+08,Good,
20210528,EvoC,5,10,Phage_606,10,4,5.00E+07,Good,
20210528,EvoC,6,10,Phage_606,25,4,1.25E+08,Good,
20210528,EvoC,7,10,Phage_606,25,3,1.25E+07,Good,
20210528,EvoC,8,10,Phage_606,27,4,1.35E+08,Good,
20210528,EvoC,9,10,Phage_606,0,0,0.00E+00,Good,
20210528,EvoC,10,10,Phage_606,0,0,0.00E+00,REMOVE,
20210528,EvoC,11,10,Phage_606,0,0,0.00E+00,Good,
20210528,EvoC,12,10,Phage_606,0,0,0.00E+00,Good,
20210528,L+O,1,10,Phage_606,15,4,7.50E+07,Good,
20210528,L+O,2,10,Phage_606,11,4,5.50E+07,Good,
20210528,L+O,3,10,Phage_606,8,6,4.00E+09,Good,
20210528,L+O,4,10,Phage_606,24,6,1.20E+10,Good,
20210528,L+O,5,10,Phage_606,7,4,3.50E+07,Good,
20210528,L+O,6,10,Phage_606,38,3,1.90E+07,Good,
20210528,L+O,7,10,Phage_606,8,5,4.00E+08,Good,
20210528,L+O,8,10,Phage_606,8,4,4.00E+07,Good,
20210528,L+O,9,10,Phage_606,0,0,0.00E+00,REMOVE,
20210528,L+O,10,10,Phage_606,36,5,1.80E+09,Good,
20210528,L+O,11,10,Phage_606,7,5,3.50E+08,Good,
20210528,L+O,12,10,Phage_606,7,6,3.50E+09,Good,
20210528,EvoC,1,10,Phage_Lminus,20,0,1.00E+04,Good,
20210528,EvoC,2,10,Phage_Lminus,2,0,1.00E+03,Good,
20210528,EvoC,3,10,Phage_Lminus,0,0,0.00E+00,REMOVE,
20210528,EvoC,4,10,Phage_Lminus,13,5,6.50E+08,Good,
20210528,EvoC,5,10,Phage_Lminus,15,4,7.50E+07,Good,
20210528,EvoC,6,10,Phage_Lminus,24,4,1.20E+08,Good,
20210528,EvoC,7,10,Phage_Lminus,12,3,6.00E+06,Good,
20210528,EvoC,8,10,Phage_Lminus,10,4,5.00E+07,Good,
20210528,EvoC,9,10,Phage_Lminus,0,0,0.00E+00,Good,
20210528,EvoC,10,10,Phage_Lminus,0,0,0.00E+00,REMOVE,
20210528,EvoC,11,10,Phage_Lminus,0,0,0.00E+00,Good,
20210528,EvoC,12,10,Phage_Lminus,0,0,0.00E+00,Good,
20210528,L+O,1,10,Phage_Lminus,3,2,1.50E+05,Good,
20210528,L+O,2,10,Phage_Lminus,16,3,8.00E+06,Good,
20210528,L+O,3,10,Phage_Lminus,6,6,3.00E+09,Good,
20210528,L+O,4,10,Phage_Lminus,26,6,1.30E+10,Good,
20210528,L+O,5,10,Phage_Lminus,3,3,1.50E+06,Good,
20210528,L+O,6,10,Phage_Lminus,11,2,5.50E+05,Good,
20210528,L+O,7,10,Phage_Lminus,4,2,2.00E+05,Good,
20210528,L+O,8,10,Phage_Lminus,16,3,8.00E+06,Good,
20210528,L+O,9,10,Phage_Lminus,0,0,0.00E+00,REMOVE,
20210528,L+O,10,10,Phage_Lminus,6,5,3.00E+08,Good,
20210528,L+O,11,10,Phage_Lminus,23,4,1.15E+08,Good,
20210528,L+O,12,10,Phage_Lminus,13,5,6.50E+08,Good,
20210528,EvoC,1,10,Phage_Ominus,4,1,2.00E+04,Good,
20210528,EvoC,2,10,Phage_Ominus,11,2,5.50E+05,Good,
20210528,EvoC,3,10,Phage_Ominus,0,0,0.00E+00,REMOVE,
20210528,EvoC,4,10,Phage_Ominus,20,5,1.00E+09,Good,
20210528,EvoC,5,10,Phage_Ominus,14,4,7.00E+07,Good,
20210528,EvoC,6,10,Phage_Ominus,22,4,1.10E+08,Good,
20210528,EvoC,7,10,Phage_Ominus,6,4,3.00E+07,Good,
20210528,EvoC,8,10,Phage_Ominus,5,5,2.50E+08,Good,
20210528,EvoC,9,10,Phage_Ominus,0,0,0.00E+00,Good,
20210528,EvoC,10,10,Phage_Ominus,0,0,0.00E+00,REMOVE,
20210528,EvoC,11,10,Phage_Ominus,0,0,0.00E+00,Good,
20210528,EvoC,12,10,Phage_Ominus,0,0,0.00E+00,Good,
20210528,L+O,1,10,Phage_Ominus,18,4,9.00E+07,Good,
20210528,L+O,2,10,Phage_Ominus,9,4,4.50E+07,Good,
20210528,L+O,3,10,Phage_Ominus,22,5,1.10E+09,Good,
20210528,L+O,4,10,Phage_Ominus,16,6,8.00E+09,Good,
20210528,L+O,5,10,Phage_Ominus,13,4,6.50E+07,Good,
20210528,L+O,6,10,Phage_Ominus,11,4,5.50E+07,Good,
20210528,L+O,7,10,Phage_Ominus,14,5,7.00E+08,Good,
20210528,L+O,8,10,Phage_Ominus,10,4,5.00E+07,Good,
20210528,L+O,9,10,Phage_Ominus,0,0,0.00E+00,REMOVE,
20210528,L+O,10,10,Phage_Ominus,6,6,3.00E+09,Good,
20210528,L+O,11,10,Phage_Ominus,9,5,4.50E+08,Good,
20210528,L+O,12,10,Phage_Ominus,18,6,9.00E+09,Good,